Order ID;;;;;;;
1;04/07/2014;1001;2;Richard;Pen Set;62;4.99
2;12/07/2014;25092;2;Nick;Binder;29;1.99
3;21/07/2014;5149;1;Morgan;Pen Set;55;12.49
4;29/07/2014;5453;2;Susan;Binder;81;19.99
5;07/08/2014;55456;1;Matthew;Pen Set;42;23.95
6;15/08/2014;5470;2;Richard;Pencil;35;4.99
7;24/08/2014;481;3;James;Desk;3;275
8;01/09/2014;5492;1;Smith;Desk;2;125
9;10/09/2014;5618;1;Bill;Pencil;7;1.29
10;18/09/2014;673;2;Richard;Pen Set;16;15.99
11;27/09/2014;5728;3;James;Pen;76;1.99
12;05/10/2014;5938;1;Morgan;Binder;28;8.99
13;14/10/2014;46066;3;Thomas;Binder;57;19.99
14;22/10/2014;6074;2;Richard;Pen;64;8.99
15;31/10/2014;6196;1;Rachel;Pencil;14;1.29
16;08/11/2014;6210;2;Susan;Pen;15;19.99
17;17/11/2014;6318;1;Alex;Binder;11;4.99
18;25/11/2014;16410;1;Matthew;Pen Set;96;4.99
19;04/12/2014;6681;1;Alex;Binder;94;19.99
20;12/12/2014;6742;1;Smith;Pencil;67;1.29
21;21/12/2014;966;1;Rachel;Binder;28;4.99
22;29/12/2014;7006;2;Susan;Pen Set;74;15.99
23;06/01/2015;7162;2;Richard;Pencil;95;1.99
24;15/01/2015;7296;1;Bill;Binder;46;8.99
25;23/01/2015;7421;1;Matthew;Binder;50;19.99
26;01/02/2015;7438;1;Smith;Binder;87;15
27;09/02/2015;7552;1;Alex;Pencil;36;4.99
28;18/02/2015;857;2;Richard;Binder;4;4.99
29;26/02/2015;7979;1;Bill;Pen;27;19.99
30;07/03/2015;18002;3;James;Binder;7;19.99
31;15/03/2015;8014;3;James;Pencil;56;2.99
32;24/03/2015;8114;1;Alex;Pen Set;50;4.99
33;01/04/2015;8147;2;Richard;Binder;60;4.99
34;10/04/2015;58437;1;Rachel;Pencil;66;1.99
35;18/04/2015;8536;1;Rachel;Pencil;75;1.99
36;27/04/2015;8673;2;Nick;Pen;96;4.99
37;05/05/2015;8828;1;Alex;Pencil;90;4.99
38;14/05/2015;48848;1;Bill;Pencil;53;1.29
39;22/05/2015;8908;3;Thomas;Pencil;32;1.99
40;31/05/2015;9464;1;Bill;Binder;80;8.99
41;08/06/2015;9584;2;Richard;Binder;60;8.99
42;17/06/2015;9633;1;Matthew;Desk;5;125
43;25/06/2015;9822;1;Morgan;Pencil;90;4.99
